,Customer ID,Recommended Credit_Term,Recommended Credit_Value
0,P00001,15,100000
1,P00164,30,80000
2,P50006,30,350000
3,P50053,30,50000
4,P50114,30,50000
5,PF00002,27,66050.5390625
6,PF00018,7,30000
7,PG00001,27,48627.8671875
